16, 248, 334
16, 248, 384
248, 334, 384
16, 248, 680
248, 334, 680
334, 384, 680
16, 248, 820
248, 334, 820
334, 384, 820
384, 680, 820
16, 248, 952
248, 334, 952
334, 384, 952
384, 680, 952
680, 820, 952
16, 248, 1017
248, 334, 1017
334, 384, 1017
384, 680, 1017
16, 248, 1023
248, 334, 1023
334, 384, 1023
384, 680, 1023
16, 248, 1031
248, 334, 1031
334, 384, 1031
384, 680, 1031
16, 248, 1037
248, 334, 1037
334, 384, 1037
384, 680, 1037
16, 248, 1039
248, 334, 1039
334, 384, 1039
384, 680, 1039
16, 248, 1051
248, 334, 1051
334, 384, 1051
384, 680, 1051
16, 248, 1067
248, 334, 1067
334, 384, 1067
384, 680, 1067
16, 248, 1096
248, 334, 1096
334, 384, 1096
384, 680, 1096
16, 248, 1104
248, 334, 1104
334, 384, 1104
384, 680, 1104
16, 248, 1114
248, 334, 1114
334, 384, 1114
384, 680, 1114
16, 248, 1126
248, 334, 1126
334, 384, 1126
384, 680, 1126
16, 248, 1131
248, 334, 1131
334, 384, 1131
384, 680, 1131
16, 248, 1154
248, 334, 1154
334, 384, 1154
384, 680, 1154
16, 248, 1159
248, 334, 1159
334, 384, 1159
384, 680, 1159
16, 248, 1161
248, 334, 1161
334, 384, 1161
384, 680, 1161
16, 248, 1162
248, 334, 1162
334, 384, 1162
384, 680, 1162
16, 248, 1164
248, 334, 1164
334, 384, 1164
384, 680, 1164
16, 248, 1167
248, 334, 1167
334, 384, 1167
384, 680, 1167
16, 248, 1168
248, 334, 1168
334, 384, 1168
384, 680, 1168
16, 248, 1169
248, 334, 1169
334, 384, 1169
384, 680, 1169
16, 248, 1188
248, 334, 1188
334, 384, 1188
384, 680, 1188
16, 248, 1189
248, 334, 1189
334, 384, 1189
384, 680, 1189
16, 248, 1191
248, 334, 1191
334, 384, 1191
384, 680, 1191
16, 248, 1202
248, 334, 1202
334, 384, 1202
384, 680, 1202
16, 248, 1225
248, 334, 1225
334, 384, 1225
384, 680, 1225
16, 248, 1235
248, 334, 1235
334, 384, 1235
384, 680, 1235
16, 248, 1238
248, 334, 1238
334, 384, 1238
384, 680, 1238
16, 248, 1239
248, 334, 1239
334, 384, 1239
384, 680, 1239
16, 248, 1240
248, 334, 1240
334, 384, 1240
384, 680, 1240
16, 248, 1245
248, 334, 1245
334, 384, 1245
384, 680, 1245
16, 248, 1246
248, 334, 1246
334, 384, 1246
384, 680, 1246
16, 248, 1248
248, 334, 1248
334, 384, 1248
384, 680, 1248
16, 248, 1258
248, 334, 1258
334, 384, 1258
384, 680, 1258
16, 248, 1260
248, 334, 1260
334, 384, 1260
384, 680, 1260
16, 248, 1261
248, 334, 1261
334, 384, 1261
384, 680, 1261
16, 248, 1262
248, 334, 1262
334, 384, 1262
384, 680, 1262
16, 248, 1264
248, 334, 1264
334, 384, 1264
384, 680, 1264
16, 248, 1269
248, 334, 1269
334, 384, 1269
384, 680, 1269
16, 248, 1293
248, 334, 1293
334, 384, 1293
384, 680, 1293
16, 248, 1294
248, 334, 1294
334, 384, 1294
384, 680, 1294
16, 248, 1299
248, 334, 1299
334, 384, 1299
384, 680, 1299
16, 248, 1304
248, 334, 1304
334, 384, 1304
16, 248, 1309
248, 334, 1309
334, 384, 1309
16, 248, 1314
248, 334, 1314
334, 384, 1314
16, 248, 1318
248, 334, 1318
334, 384, 1318
16, 248, 1328
248, 334, 1328
334, 384, 1328
16, 248, 1331
248, 334, 1331
334, 384, 1331
16, 248, 1334
248, 334, 1334
334, 384, 1334
16, 248, 1335
248, 334, 1335
334, 384, 1335
16, 248, 1347
248, 334, 1347
334, 384, 1347
16, 248, 1350
248, 334, 1350
334, 384, 1350
16, 248, 1353
248, 334, 1353
334, 384, 1353
16, 248, 1357
248, 334, 1357
334, 384, 1357
16, 248, 1358
248, 334, 1358
334, 384, 1358
16, 248, 1372
248, 334, 1372
334, 384, 1372
16, 248, 1375
248, 334, 1375
334, 384, 1375
16, 248, 1383
248, 334, 1383
334, 384, 1383
16, 248, 1385
248, 334, 1385
334, 384, 1385
16, 248, 1387
248, 334, 1387
334, 384, 1387
16, 248, 1391
248, 334, 1391
334, 384, 1391
16, 248, 1393
248, 334, 1393
334, 384, 1393
16, 248, 1394
248, 334, 1394
334, 384, 1394
16, 248, 1401
248, 334, 1401
334, 384, 1401
16, 248, 1409
248, 334, 1409
334, 384, 1409
16, 248, 1412
248, 334, 1412
334, 384, 1412
16, 248, 1415
248, 334, 1415
334, 384, 1415
16, 248, 1421
248, 334, 1421
334, 384, 1421
16, 248, 1423
248, 334, 1423
334, 384, 1423
16, 248, 1430
248, 334, 1430
334, 384, 1430
16, 248, 1432
248, 334, 1432
334, 384, 1432
16, 248, 1446
248, 334, 1446
16, 248, 1452
248, 334, 1452
16, 248, 1453
248, 334, 1453
16, 248, 1468
248, 334, 1468
16, 248, 1469
248, 334, 1469
16, 248, 1477
248, 334, 1477
16, 248, 1481
248, 334, 1481
16, 248, 1483
248, 334, 1483
16, 248, 1493
248, 334, 1493
16, 248, 1497
248, 334, 1497
16, 248, 1505
248, 334, 1505
16, 248, 1508
248, 334, 1508
16, 248, 1509
248, 334, 1509
16, 248, 1515
248, 334, 1515
16, 248, 1518
248, 334, 1518
16, 248, 1523
248, 334, 1523
16, 248, 1531
248, 334, 1531
16, 248, 1534
248, 334, 1534
16, 248, 1535
248, 334, 1535
16, 248, 1536
248, 334, 1536
16, 248, 1537
248, 334, 1537
16, 248, 1544
248, 334, 1544
16, 248, 1545
248, 334, 1545
16, 248, 1556
248, 334, 1556
16, 248, 1558
248, 334, 1558
16, 248, 1562
248, 334, 1562
16, 248, 1565
248, 334, 1565
16, 248, 1569
248, 334, 1569
16, 248, 1585
248, 334, 1585
16, 248, 1603
248, 334, 1603
16, 248, 1605
248, 334, 1605
16, 248, 1608
248, 334, 1608
16, 248, 1615
248, 334, 1615
16, 248, 1623
248, 334, 1623
16, 248, 1624
248, 334, 1624
16, 248, 1627
248, 334, 1627
16, 248, 1628
248, 334, 1628
16, 248, 1629
248, 334, 1629
16, 248, 1639
248, 334, 1639
16, 248, 1641
248, 334, 1641
16, 248, 1643
248, 334, 1643
16, 248, 1646
248, 334, 1646
16, 248, 1647
248, 334, 1647
16, 248, 1655
248, 334, 1655
16, 248, 1658
248, 334, 1658
16, 248, 1662
248, 334, 1662
16, 248, 1666
248, 334, 1666
16, 248, 1671
248, 334, 1671
16, 248, 1673
248, 334, 1673
16, 248, 1678
248, 334, 1678
16, 248, 1680
248, 334, 1680
16, 248, 1681
248, 334, 1681
16, 248, 1682
248, 334, 1682
16, 248, 1684
248, 334, 1684
16, 248, 1685
248, 334, 1685
16, 248, 1687
248, 334, 1687
16, 248, 1694
248, 334, 1694
16, 248, 1698
248, 334, 1698
16, 248, 1700
248, 334, 1700
16, 248, 1701
248, 334, 1701
16, 248, 1705
248, 334, 1705
16, 248, 1706
248, 334, 1706
16, 248, 1711
248, 334, 1711
16, 248, 1714
248, 334, 1714
16, 248, 1715
248, 334, 1715
16, 248, 1718
248, 334, 1718
16, 248, 1719
248, 334, 1719
16, 248, 1728
248, 334, 1728
16, 248, 1730
248, 334, 1730
16, 248, 1736
248, 334, 1736
16, 248, 1737
248, 334, 1737
16, 248, 1738
248, 334, 1738
16, 248, 1744
248, 334, 1744
16, 248, 1746
248, 334, 1746
16, 248, 1747
248, 334, 1747
16, 248, 1757
16, 248, 1758
16, 248, 1764
16, 248, 1776
16, 248, 1777
16, 248, 1779
16, 248, 1781
16, 248, 1800
16, 248, 1804
16, 248, 1805
16, 248, 1809
16, 248, 1812
16, 248, 1821
16, 248, 1824
16, 248, 1826
16, 248, 1828
16, 248, 1829
16, 248, 1831
16, 248, 1839
16, 248, 1840
16, 248, 1842
16, 248, 1844
16, 248, 1849
16, 248, 1852
16, 248, 1856
16, 248, 1872
16, 248, 1873
16, 248, 1875
16, 248, 1881
16, 248, 1888
16, 248, 1894
16, 248, 1899
16, 248, 1903
16, 248, 1906
16, 248, 1911
16, 248, 1912
16, 248, 1919
16, 248, 1922
16, 248, 1931
16, 248, 1933
16, 248, 1946
16, 248, 1948
16, 248, 1952
16, 248, 1957
16, 248, 1999
16, 248, 2004
16, 248, 2006
16, 248, 2010
